,property_type,society,sector,price,price_per_sqft,area,areaWithType,bedRoom,bathroom,balcony,floorNum,facing,agePossession,super_built_up_area,built_up_area,carpet_area,study room,servant room,store room,pooja room,others,furnishing_type,luxury_score
9,house,independent,sector 105,1.2,10118.0,1186.0,Plot area 1185.51(110.14 sq.m.),6.0,2.0,1,2.0,North-West,Old Property,,1185.51,,0.0,0.0,0.0,0.0,0.0,0.0,9.0
15,house,independent,sector 12,1.2,14184.0,846.0,Plot area 846(78.6 sq.m.)Built Up area: 846 sq.ft. (78.6 sq.m.),4.0,4.0,2,2.0,North,Relatively New,,846.0,,0.0,0.0,0.0,1.0,0.0,1.0,7.0
37,house,independent,sector 104,0.45,12162.0,370.0,Plot area 370(34.37 sq.m.)Carpet area: 1500 sq.ft. (139.35 sq.m.),4.0,4.0,2,4.0,North,Moderately Old,,,1500.0,0.0,0.0,0.0,0.0,0.0,1.0,7.0
48,house,ganpati heights apartment,sector 13,1.25,12077.0,1035.0,Plot area 115(7692.86 sq.m.),10.0,6.0,2,3.0,South-East,Old Property,,115.0,,0.0,0.0,0.0,0.0,1.0,0.0,7.0
74,house,independent,sector 25,7.6,38756.0,1961.0,Plot area 215(179.77 sq.m.),9.0,9.0,3,4.0,East,Relatively New,,1935.0,,1.0,0.0,1.0,1.0,0.0,1.0,84.0
93,house,independent,sector 105,1.1,12222.0,900.0,Carpet area: 900 (83.61 sq.m.),6.0,4.0,1,1.0,South-West,Undefined,,,900.0,0.0,0.0,0.0,0.0,0.0,0.0,0.0
97,flat,pivotal devaan,sector 84,0.34,7039.0,483.0,Carpet area: 483 (44.87 sq.m.),2.0,2.0,1,1.0,East,Relatively New,,,483.0,0.0,0.0,1.0,0.0,0.0,1.0,84.0
99,house,independent,sector 4,1.1,11111.0,990.0,Built Up area: 990 (91.97 sq.m.),6.0,4.0,1,2.0,North,Undefined,,990.0,,0.0,0.0,0.0,0.0,0.0,0.0,0.0
128,flat,breez global heights 88a,sector 88a,0.5,8375.0,597.0,Carpet area: 597 (55.46 sq.m.),3.0,2.0,2,2.0,,Under Construction,,,597.0,0.0,0.0,0.0,0.0,0.0,0.0,15.0
140,house,independent,sector 28,0.7,8102.0,864.0,Plot area 864(80.27 sq.m.),4.0,2.0,0,2.0,North,Old Property,,864.0,,0.0,0.0,0.0,0.0,0.0,0.0,7.0
186,house,independent,sector 13,1.5,11538.0,1300.0,Plot area 1300(120.77 sq.m.),10.0,7.0,3,4.0,East,Moderately Old,,1300.0,,0.0,0.0,0.0,0.0,0.0,0.0,0.0
198,flat,central park flower valley,sector 33,1.4,21538.0,650.0,Super Built up area 650(60.39 sq.m.),3.0,3.0,3,2.0,,Under Construction,650.0,,,0.0,0.0,0.0,0.0,0.0,0.0,54.0
209,flat,pyramid urban homes 2,sector 86,0.42,8485.0,495.0,Carpet area: 501 (46.54 sq.m.),2.0,2.0,1,2.0,North-East,New Property,,,501.0,1.0,1.0,0.0,1.0,1.0,0.0,84.0
211,flat,ramsons kshitij,sector 95,0.4,5839.0,685.0,Carpet area: 685 (63.64 sq.m.),3.0,2.0,2,6.0,,Undefined,,,685.0,0.0,0.0,0.0,0.0,0.0,0.0,0.0
215,house,bhawani enclave,sector 12,0.42,8235.0,510.0,Plot area 565(52.49 sq.m.)Carpet area: 510 sq.ft. (47.38 sq.m.),3.0,3.0,0,2.0,East,New Property,,,510.0,0.0,0.0,0.0,1.0,0.0,0.0,0.0
222,flat,gls avenue 51,sector 92,0.5,7812.0,640.0,Carpet area: 640 (59.46 sq.m.),3.0,3.0,1,12.0,,New Property,,,640.0,0.0,0.0,0.0,0.0,0.0,2.0,95.0
229,house,rk excelo,sector 12,0.6,13333.0,450.0,Plot area 50(4.65 sq.m.)Built Up area: 30 sq.ft. (2.79 sq.m.)Carpet area: 15 sq.ft. (1.39 sq.m.),5.0,3.0,2,3.0,North,Moderately Old,,30.0,15.0,0.0,0.0,0.0,0.0,1.0,0.0,0.0
247,house,independent,sector 7,0.89,18658.0,477.0,Plot area 477(44.31 sq.m.),5.0,3.0,2,2.0,East,Old Property,,477.0,,0.0,0.0,0.0,0.0,0.0,0.0,8.0
255,house,uppal southend,sector 49,3.75,25562.0,1467.0,Plot area 163(136.29 sq.m.),6.0,6.0,3,3.0,East,Moderately Old,,1467.0,,0.0,0.0,0.0,0.0,1.0,0.0,49.0
293,house,sector 57 huda,sector 57,3.8,26063.0,1458.0,Plot area 162(135.45 sq.m.)Built Up area: 162 sq.yards (135.45 sq.m.)Carpet area: 160 sq.yards (133.78 sq.m.),8.0,8.0,3+,4.0,East,Relatively New,,162.0,160.0,0.0,0.0,1.0,1.0,0.0,1.0,94.0
328,flat,gls arawali homes,sohna road,0.28,5983.0,468.0,Carpet area: 468 (43.48 sq.m.),2.0,2.0,2,3.0,,Relatively New,,,468.0,0.0,0.0,0.0,0.0,0.0,0.0,42.0
343,house,sector 38 rwa,sector 38,4.3,28782.0,1494.0,Plot area 166(138.8 sq.m.)Built Up area: 165 sq.yards (137.96 sq.m.)Carpet area: 164 sq.yards (137.12 sq.m.),9.0,9.0,3+,3.0,East,Relatively New,,165.0,164.0,0.0,0.0,0.0,1.0,1.0,1.0,41.0
387,house,independent,sector 12,0.65,6500.0,1000.0,Carpet area: 1000 (92.9 sq.m.),6.0,2.0,3,1.0,,Undefined,,,1000.0,0.0,0.0,0.0,0.0,0.0,0.0,0.0
393,house,independent,sector 2,1.0,8230.0,1215.0,Plot area 135(112.88 sq.m.),9.0,7.0,3+,3.0,North,Moderately Old,,1215.0,,0.0,0.0,0.0,1.0,0.0,0.0,0.0
492,flat,signature global solera,sector 107,0.29,5930.0,489.0,Carpet area: 489 (45.43 sq.m.),2.0,2.0,2,3.0,East,Relatively New,,,489.0,0.0,0.0,0.0,0.0,0.0,0.0,45.0
505,flat,mvn athens,sohna road,0.25,5198.0,481.0,Built Up area: 481 (44.69 sq.m.),2.0,2.0,0,0.0,,Relatively New,,481.0,,0.0,0.0,0.0,0.0,0.0,0.0,37.0
521,house,independent,sector 4,0.65,11111.0,585.0,Plot area 65(54.35 sq.m.),4.0,2.0,2,,,Moderately Old,,585.0,,0.0,0.0,0.0,0.0,0.0,0.0,0.0
530,house,sheetla enclave,sector 5,0.96,10000.0,960.0,Plot area 945(87.79 sq.m.),7.0,4.0,2,3.0,,Moderately Old,,945.0,,0.0,0.0,1.0,1.0,0.0,1.0,0.0
540,house,independent,sector 45,4.49,24455.0,1836.0,Plot area 204(170.57 sq.m.),9.0,9.0,3+,3.0,North-West,Moderately Old,,1836.0,,0.0,0.0,0.0,0.0,1.0,1.0,90.0
565,house,iffco nagar and 17b rwa,sector 17,3.5,24306.0,1440.0,Plot area 1440(133.78 sq.m.),6.0,5.0,3,3.0,East,Old Property,,1440.0,,0.0,0.0,0.0,0.0,0.0,0.0,44.0
570,flat,czar mahira homes 63a,sector 63a,0.42,7407.0,567.0,Carpet area: 567 (52.68 sq.m.),3.0,2.0,2,1.0,,Undefined,,,567.0,0.0,0.0,0.0,0.0,0.0,0.0,0.0
575,house,huda ashok vihar phase,sector 4,0.7,10234.0,684.0,Plot area 684(63.55 sq.m.),3.0,2.0,1,2.0,North-East,New Property,,684.0,,1.0,0.0,0.0,0.0,0.0,0.0,7.0
601,flat,gls avenue 51,sector 92,0.42,6562.0,640.0,Carpet area: 640 (59.46 sq.m.),3.0,3.0,1,2.0,,Relatively New,,,640.0,0.0,0.0,0.0,0.0,0.0,0.0,20.0
663,flat,conscient habitat,sector 99,0.27,5602.0,482.0,Carpet area: 484 (44.97 sq.m.),2.0,2.0,1,8.0,South-West,Relatively New,,,484.0,0.0,0.0,0.0,0.0,1.0,0.0,49.0
668,house,independent,sector 2,3.65,23443.0,1557.0,Plot area 173(144.65 sq.m.),9.0,9.0,3+,3.0,West,New Property,,1557.0,,0.0,1.0,0.0,1.0,0.0,1.0,116.0
707,flat,tulip lemon,sector 69,0.62,12863.0,482.0,Carpet area: 482 (44.78 sq.m.),2.0,2.0,1,4.0,North-East,Relatively New,,,482.0,0.0,0.0,0.0,0.0,0.0,1.0,108.0
733,house,independent,sector 2,1.15,19360.0,594.0,Plot area 66(55.18 sq.m.),3.0,3.0,2,2.0,South-East,Old Property,,594.0,,0.0,0.0,0.0,0.0,0.0,1.0,32.0
751,house,independent,sector 17,0.32,22069.0,145.0,Built Up area: 145 (13.47 sq.m.),2.0,2.0,0,3.0,,Undefined,,145.0,,0.0,0.0,0.0,0.0,0.0,0.0,0.0
753,house,shivpuri,sector 7,2.8,12444.0,2250.0,Plot area 2250(209.03 sq.m.),10.0,7.0,3,1.0,,Old Property,,2250.0,,1.0,1.0,0.0,1.0,1.0,1.0,0.0
796,flat,pivotal devaan,sector 84,0.35,7277.0,481.0,Super Built up area 583(54.16 sq.m.)Carpet area: 481 sq.ft. (44.69 sq.m.),2.0,2.0,1,10.0,West,Relatively New,583.0,,481.0,0.0,0.0,1.0,0.0,0.0,0.0,103.0
837,house,independent,sector 105,1.2,13333.0,900.0,Plot area 900(83.61 sq.m.),7.0,4.0,1,2.0,South-West,Moderately Old,,900.0,,0.0,0.0,0.0,0.0,1.0,0.0,14.0
848,house,independent,sector 8,0.82,10224.0,802.0,Carpet area: 802 (74.51 sq.m.),4.0,4.0,0,2.0,,Undefined,,,802.0,0.0,0.0,0.0,0.0,0.0,0.0,0.0
852,house,independent,sohna road,0.95,8920.0,1065.0,Plot area 1065(98.94 sq.m.),10.0,10.0,3+,3.0,,New Property,,1065.0,,0.0,0.0,0.0,0.0,0.0,0.0,0.0
880,house,independent,sector 10,3.6,19608.0,1836.0,Plot area 204(170.57 sq.m.),8.0,4.0,3,3.0,North,Moderately Old,,1836.0,,0.0,0.0,0.0,1.0,0.0,1.0,28.0
886,house,independent,sector 4,0.92,15257.0,603.0,Plot area 67(56.02 sq.m.),4.0,4.0,3,4.0,East,Moderately Old,,603.0,,0.0,0.0,0.0,0.0,1.0,0.0,0.0
921,flat,mvn athens,sohna road,0.26,5394.0,482.0,Carpet area: 481.74 (44.76 sq.m.),2.0,2.0,1,2.0,,Relatively New,,,481.792164,0.0,0.0,0.0,0.0,0.0,0.0,37.0
929,flat,laxmi pareena,sector 99,0.3,6667.0,450.0,Carpet area: 450 (41.81 sq.m.),2.0,1.0,0,12.0,North,Undefined,,,450.0,0.0,0.0,0.0,0.0,0.0,0.0,0.0
935,house,independent,sector 4,0.8,11852.0,675.0,Plot area 75(62.71 sq.m.),5.0,3.0,1,2.0,,Moderately Old,,675.0,,0.0,0.0,0.0,0.0,0.0,0.0,0.0
1032,house,my home,sector 110,0.34,12593.0,270.0,Plot area 270(25.08 sq.m.),2.0,2.0,2,3.0,West,Moderately Old,,270.0,,0.0,0.0,0.0,0.0,0.0,0.0,22.0
1033,house,independent,sector 24,3.5,32407.0,1080.0,Plot area 120(100.34 sq.m.),5.0,4.0,3,3.0,North-West,Old Property,,1080.0,,0.0,0.0,0.0,0.0,0.0,0.0,15.0
1038,flat,gls avenue 51,sector 92,0.5,7812.0,640.0,Super Built up area 640(59.46 sq.m.),3.0,3.0,1,0.0,,Relatively New,640.0,,,0.0,0.0,0.0,0.0,0.0,0.0,0.0
1049,house,independent,sector 21,0.6,6173.0,972.0,Plot area 108(90.3 sq.m.),8.0,3.0,2,3.0,,Old Property,,972.0,,0.0,0.0,0.0,0.0,0.0,0.0,0.0
1054,flat,signature global solera,sector 107,0.28,5833.0,480.0,Carpet area: 489 (45.43 sq.m.),2.0,2.0,2,0.0,North-East,Relatively New,,,489.0,0.0,0.0,0.0,0.0,0.0,0.0,45.0
1080,flat,supertech basera,sector 79,0.36,7643.0,471.0,Built Up area: 546 (50.73 sq.m.)Carpet area: 471 sq.ft. (43.76 sq.m.),2.0,2.0,1,4.0,,New Property,,546.0,471.0,0.0,0.0,0.0,0.0,0.0,0.0,60.0
1087,house,independent,sector 47,4.3,29312.0,1467.0,Plot area 163(136.29 sq.m.),6.0,4.0,2,2.0,,Moderately Old,,1467.0,,0.0,0.0,0.0,0.0,1.0,0.0,0.0
1106,house,independent,sector 5,0.85,9444.0,900.0,Carpet area: 900 (83.61 sq.m.),5.0,3.0,3,1.0,,Undefined,,,900.0,0.0,0.0,0.0,0.0,0.0,0.0,0.0
1123,flat,rof ananda,sector 95,0.38,5107.0,744.12,Carpet area: 64412 (5984.07 sq.m.),3.0,2.0,1,12.0,North,Relatively New,,744.12,644.12,0.0,0.0,0.0,0.0,0.0,0.0,51.0
1149,house,independent,sector 4,0.47,10609.0,443.0,Plot area 49(40.97 sq.m.)Built Up area: 50 sq.yards (41.81 sq.m.)Carpet area: 48 sq.yards (40.13 sq.m.),2.0,2.0,1,2.0,East,New Property,,50.0,48.0,1.0,0.0,0.0,0.0,0.0,1.0,73.0
1167,house,independent,sector 13,0.9,11465.0,785.0,Plot area 785(72.93 sq.m.),5.0,4.0,3,3.0,North-West,Moderately Old,,785.0,,1.0,1.0,0.0,1.0,1.0,0.0,0.0
1187,house,independent,sector 47,5.15,26615.0,1935.0,Plot area 215(179.77 sq.m.),9.0,9.0,3+,3.0,East,Relatively New,,1935.0,,0.0,0.0,1.0,0.0,0.0,1.0,75.0
1206,house,independent,sector 7,1.16,11717.0,990.0,Carpet area: 110 (91.97 sq.m.),5.0,4.0,2,1.0,North-East,Undefined,,,110.0,0.0,0.0,0.0,0.0,0.0,0.0,0.0
1213,house,independent,sector 6,1.25,11574.0,1080.0,Plot area 120(100.34 sq.m.)Built Up area: 120 sq.yards (100.34 sq.m.),5.0,5.0,1,2.0,South,New Property,,120.0,,0.0,0.0,0.0,1.0,0.0,0.0,0.0
1224,house,independent,sector 6,0.75,10519.0,713.0,Plot area 713(66.24 sq.m.),6.0,4.0,1,3.0,,Moderately Old,,713.0,,0.0,0.0,0.0,0.0,0.0,0.0,62.0
1288,flat,prime habitat,sector 99,0.27,6054.0,446.0,Carpet area: 448 (41.62 sq.m.),2.0,2.0,1,10.0,South,Relatively New,,,448.0,0.0,0.0,0.0,0.0,0.0,0.0,67.0
1384,house,independent,sector 3,0.8,8155.0,981.0,Plot area 109(91.14 sq.m.),5.0,4.0,1,2.0,,Moderately Old,,981.0,,0.0,0.0,0.0,0.0,0.0,0.0,0.0
1407,house,palam vihar extension west zone rwa,sector 2,0.4,4444.0,900.0,Plot area 900(83.61 sq.m.),6.0,4.0,2,2.0,West,Moderately Old,,900.0,,0.0,0.0,0.0,0.0,0.0,0.0,36.0
1429,house,sector 38 rwa,sector 38,1.4,23932.0,585.0,Plot area 65(54.35 sq.m.)Built Up area: 62 sq.yards (51.84 sq.m.)Carpet area: 60 sq.yards (50.17 sq.m.),8.0,8.0,3,4.0,East,Moderately Old,,62.0,60.0,0.0,0.0,0.0,0.0,1.0,1.0,40.0
1477,house,independent,sector 3,0.92,15257.0,603.0,Built Up area: 603 (56.02 sq.m.),4.0,1.0,0,1.0,,Undefined,,603.0,,0.0,0.0,0.0,0.0,0.0,0.0,0.0
1480,house,huda floor,sector 38,4.0,22222.0,1800.0,Plot area 1800(167.23 sq.m.)Built Up area: 4800 sq.ft. (445.93 sq.m.)Carpet area: 3800 sq.ft. (353.03 sq.m.),9.0,9.0,3+,2.0,East,Relatively New,,4800.0,3800.0,0.0,0.0,1.0,1.0,0.0,1.0,152.0
1492,house,independent,sector 105,0.37,8222.0,450.0,Plot area 450(41.81 sq.m.),2.0,2.0,1,1.0,,Moderately Old,,450.0,,0.0,0.0,0.0,0.0,1.0,0.0,0.0
1500,house,independent,sector 12,1.35,12217.0,1105.0,Plot area 150(125.42 sq.m.)Built Up area: 2052 sq.yards (1715.73 sq.m.),5.0,5.0,1,3.0,,Old Property,,2052.0,,0.0,0.0,0.0,0.0,0.0,0.0,31.0
1506,house,independent,sector 6,0.66,10784.0,612.0,Plot area 612(56.86 sq.m.),3.0,2.0,1,2.0,,Old Property,,612.0,,0.0,0.0,0.0,0.0,0.0,0.0,36.0
1509,house,independent,sector 55,5.0,44444.0,1125.0,Plot area 125(104.52 sq.m.)Built Up area: 115 sq.yards (96.15 sq.m.)Carpet area: 100 sq.yards (83.61 sq.m.),9.0,9.0,3+,5.0,East,New Property,,115.0,100.0,0.0,0.0,0.0,0.0,1.0,1.0,44.0
1524,house,rattan garden,sector 7,1.3,13499.0,963.0,Built Up area: 963 (89.47 sq.m.),5.0,3.0,2,3.0,,Old Property,,963.0,,0.0,0.0,0.0,0.0,0.0,0.0,0.0
1529,flat,prime habitat,sector 99,0.27,5433.0,497.0,Carpet area: 497 (46.17 sq.m.),2.0,2.0,1,4.0,North-East,New Property,,,497.0,0.0,0.0,0.0,0.0,0.0,0.0,7.0
1532,house,independent,sohna road,1.2,22305.0,538.0,Plot area 50,4.0,4.0,3+,4.0,West,Old Property,,535.0,,0.0,0.0,0.0,0.0,0.0,0.0,8.0
1537,house,independent,sector 8,0.82,9111.0,900.0,Plot area 100(83.61 sq.m.),4.0,3.0,3,2.0,North,Moderately Old,,900.0,,0.0,0.0,0.0,0.0,0.0,0.0,12.0
1562,house,independent,sector 6,0.5,13889.0,360.0,Plot area 40(33.45 sq.m.),5.0,3.0,3,3.0,,Old Property,,360.0,,0.0,0.0,0.0,0.0,0.0,0.0,0.0
1580,house,independent,sector 8,0.49,11239.0,436.0,Plot area 360(33.45 sq.m.),6.0,3.0,2,3.0,East,Moderately Old,,360.0,,0.0,0.0,0.0,0.0,0.0,0.0,8.0
1627,house,independent,sector 105,0.55,10913.0,504.0,Built Up area: 56 (5.2 sq.m.),4.0,4.0,0,2.0,,Undefined,,56.0,,0.0,0.0,0.0,0.0,0.0,0.0,0.0
1675,house,"nirmal enclave, maruti kunj road",sector 11,0.24,5333.0,450.0,Plot area 450(41.81 sq.m.),2.0,2.0,0,2.0,North,Relatively New,,450.0,,0.0,0.0,0.0,0.0,0.0,0.0,0.0
1676,flat,gls arawali homes,sohna road,0.32,6723.0,476.0,Built Up area: 476 (44.22 sq.m.),2.0,1.0,0,0.0,,Undefined,,476.0,,0.0,0.0,0.0,0.0,0.0,0.0,0.0
1696,house,ss omnia,sector 86,0.42,9333.0,450.0,Plot area 50(4.65 sq.m.),5.0,3.0,2,3.0,,Relatively New,,50.0,,0.0,0.0,0.0,0.0,0.0,0.0,0.0
1721,house,independent,sector 8,0.62,11273.0,550.0,Built Up area: 550 (51.1 sq.m.),3.0,1.0,0,2.0,,Undefined,,550.0,,0.0,0.0,0.0,0.0,0.0,0.0,0.0
1727,house,independent,sector 9,0.22,7407.0,297.0,Carpet area: 33 (27.59 sq.m.),2.0,2.0,2,1.0,,Undefined,,,33.0,0.0,0.0,0.0,0.0,0.0,0.0,0.0
1737,house,rajendra park gurgaon,sector 105,0.37,10278.0,360.0,Plot area 360(33.45 sq.m.),4.0,3.0,2,3.0,East,Relatively New,,360.0,,0.0,0.0,0.0,0.0,0.0,0.0,0.0
1744,flat,mvn athens,sohna road,0.25,5187.0,482.0,Carpet area: 481.73 (44.75 sq.m.),2.0,2.0,1,3.0,East,Relatively New,,,481.684525,0.0,0.0,0.0,0.0,0.0,0.0,51.0
1747,house,independent,sector 12,2.5,13889.0,1800.0,Plot area 1800(167.23 sq.m.),9.0,5.0,2,1.0,South-East,Old Property,,1800.0,,0.0,0.0,0.0,1.0,0.0,0.0,8.0
1765,flat,signature global solera,sector 107,0.27,5521.0,489.0,Carpet area: 489 (45.43 sq.m.),2.0,2.0,2,0.0,North-East,Relatively New,,,489.0,0.0,0.0,0.0,0.0,0.0,0.0,45.0
1773,house,rattan garden,sector 7,0.83,17585.0,472.0,Carpet area: 472 (43.85 sq.m.),5.0,3.0,2,3.0,East,Undefined,,,472.0,0.0,0.0,0.0,0.0,0.0,0.0,0.0
1788,flat,signature global solera,sector 107,0.5,7752.0,645.0,Carpet area: 645 (59.92 sq.m.),3.0,2.0,2,6.0,South-East,Relatively New,,,645.0,0.0,0.0,0.0,0.0,1.0,0.0,15.0
1798,house,independent,sector 12,1.0,8230.0,1215.0,Plot area 135(12.54 sq.m.)Built Up area: 3750 sq.ft. (348.39 sq.m.),9.0,7.0,3+,3.0,North,Moderately Old,,3750.0,,0.0,0.0,1.0,1.0,0.0,0.0,7.0
1851,house,independent,sector 47,0.99,17188.0,576.0,Plot area 64(53.51 sq.m.),4.0,4.0,3,4.0,,Relatively New,,576.0,,0.0,0.0,0.0,0.0,0.0,0.0,13.0
1925,house,independent,sector 4,0.6,11696.0,513.0,Plot area 57(5.3 sq.m.),3.0,3.0,1,2.0,,Old Property,,57.0,,0.0,0.0,0.0,0.0,1.0,0.0,0.0
1936,house,independent,sector 11,3.5,15556.0,2250.0,Built Up area: 2250 (209.03 sq.m.),10.0,1.0,0,1.0,,New Property,,2250.0,,0.0,0.0,0.0,0.0,0.0,0.0,0.0
1939,house,independent,manesar,1.1,6173.0,1782.0,Plot area 1782(165.55 sq.m.),8.0,8.0,0,1.0,,New Property,,1782.0,,0.0,0.0,0.0,0.0,0.0,0.0,0.0
1951,house,independent,sector 7,0.9,10000.0,900.0,Plot area 100(83.61 sq.m.),6.0,4.0,3,3.0,North-East,Old Property,,900.0,,0.0,1.0,0.0,0.0,1.0,1.0,44.0
1953,house,not applicable,sector 4,0.51,14167.0,360.0,Plot area 40(33.45 sq.m.),4.0,4.0,3,4.0,,New Property,,360.0,,0.0,0.0,0.0,0.0,0.0,0.0,0.0
1973,house,independent,sector 105,0.6,13333.0,450.0,Built Up area: 450 (41.81 sq.m.),3.0,3.0,0,3.0,,Undefined,,450.0,,0.0,0.0,0.0,0.0,0.0,0.0,0.0
1997,house,jacobpura,sector 12,0.53,14601.0,363.0,Plot area 360(33.45 sq.m.),4.0,4.0,2,3.0,East,Relatively New,,360.0,,0.0,0.0,0.0,0.0,0.0,0.0,0.0
2004,house,independent,sector 17,3.5,24306.0,1440.0,Built Up area: 160 (14.86 sq.m.),6.0,6.0,3+,3.0,North-West,Undefined,,160.0,,0.0,0.0,0.0,0.0,0.0,0.0,0.0
2047,house,ansal,sector 43,1.85,34259.0,540.0,Plot area 60(5.57 sq.m.),8.0,8.0,3+,5.0,North-West,Relatively New,,60.0,,0.0,0.0,0.0,0.0,0.0,0.0,53.0
2058,house,jacob pura,sector 12,0.35,9722.0,360.0,Built Up area: 360 (33.45 sq.m.),2.0,1.0,0,,,Old Property,,360.0,,0.0,0.0,0.0,0.0,0.0,0.0,0.0
2063,house,independent,sector 46,4.35,23693.0,1836.0,Plot area 204(170.57 sq.m.),8.0,8.0,2,3.0,North-East,Relatively New,,1836.0,,1.0,0.0,0.0,1.0,0.0,1.0,19.0
2094,flat,gls arawali homes,sohna road,0.3,6237.0,481.0,Super Built up area 567(52.68 sq.m.)Carpet area: 480.53 sq.ft. (44.64 sq.m.),2.0,2.0,2,4.0,East,Relatively New,567.0,,480.53,0.0,0.0,0.0,0.0,0.0,2.0,120.0
2149,flat,signature global solera,sector 107,0.52,8062.0,645.0,Carpet area: 645 (59.92 sq.m.),3.0,2.0,2,5.0,East,Relatively New,,,645.0,0.0,0.0,0.0,0.0,1.0,0.0,15.0
2151,flat,signature global solera,sector 107,0.28,5680.0,493.0,Carpet area: 489 (45.43 sq.m.),2.0,2.0,2,6.0,West,Relatively New,,,489.0,0.0,0.0,0.0,0.0,0.0,0.0,45.0
2154,house,independent,sector 105,0.65,9028.0,720.0,Plot area 80(66.89 sq.m.),3.0,2.0,1,1.0,East,Relatively New,,720.0,,0.0,0.0,0.0,1.0,1.0,0.0,14.0
2173,house,housing board colony,sector 28,2.1,23333.0,900.0,Plot area 100(83.61 sq.m.),8.0,8.0,3+,4.0,South-East,Moderately Old,,900.0,,0.0,0.0,0.0,0.0,1.0,1.0,38.0
2180,house,naman residency,sector 4,0.5,11111.0,450.0,Plot area 450(41.81 sq.m.),2.0,2.0,2,2.0,West,New Property,,450.0,,1.0,1.0,0.0,1.0,1.0,0.0,14.0
2181,house,independent,sector 26,6.0,33333.0,1800.0,Plot area 200(167.23 sq.m.),8.0,5.0,3+,3.0,,Old Property,,1800.0,,0.0,0.0,0.0,0.0,0.0,1.0,9.0
2199,flat,signature global the millennia 3,sector 37d,0.5,7143.0,700.0,Carpet area: 700 (65.03 sq.m.),3.0,3.0,2,2.0,,Under Construction,,,700.0,0.0,0.0,0.0,0.0,0.0,0.0,31.0
2244,house,independent,sector 11,2.1,17284.0,1215.0,Plot area 135(112.88 sq.m.),6.0,6.0,3+,3.0,,Relatively New,,1215.0,,0.0,0.0,0.0,0.0,0.0,0.0,14.0
2261,house,independent,sector 4,1.1,6111.0,1800.0,Plot area 200(167.23 sq.m.),8.0,4.0,3+,2.0,West,Old Property,,1800.0,,0.0,0.0,0.0,0.0,0.0,0.0,7.0
2266,house,independent,sector 104,0.6,5128.0,1170.0,Plot area 130(108.7 sq.m.),7.0,3.0,1,2.0,North,Moderately Old,,1170.0,,0.0,0.0,0.0,0.0,0.0,0.0,0.0
2276,flat,signature global solera,sector 107,0.5,7752.0,645.0,Carpet area: 645 (59.92 sq.m.),3.0,2.0,2,6.0,North-East,Relatively New,,,645.0,0.0,0.0,0.0,0.0,1.0,0.0,49.0
2277,house,independent,sector 55,1.45,26852.0,540.0,Plot area 60(5.57 sq.m.),4.0,4.0,3+,4.0,East,Relatively New,,60.0,,0.0,0.0,1.0,0.0,0.0,0.0,70.0
2300,house,ashok vihar phase iii extension,sector 5,0.4,8889.0,450.0,Plot area 50(41.81 sq.m.),7.0,4.0,3+,4.0,,New Property,,450.0,,0.0,0.0,0.0,1.0,0.0,0.0,7.0
2313,house,prem kunj,sohna road,0.5,7407.0,675.0,Plot area 675(62.71 sq.m.)Built Up area: 725 sq.ft. (67.35 sq.m.)Carpet area: 675 sq.ft. (62.71 sq.m.),5.0,4.0,3,3.0,South-West,Relatively New,,725.0,675.0,0.0,0.0,0.0,1.0,0.0,0.0,22.0
2333,house,unitech south city,sector 50,5.88,27222.0,2160.0,Plot area 240(200.67 sq.m.),9.0,9.0,3+,3.0,East,Relatively New,,2160.0,,1.0,1.0,0.0,1.0,1.0,2.0,128.0
2343,house,housing board colony,sector 28,3.5,25926.0,1350.0,Plot area 150(125.42 sq.m.),6.0,6.0,3,3.0,,Relatively New,,1350.0,,0.0,0.0,0.0,0.0,0.0,0.0,0.0
2344,flat,rof ananda,sector 95,0.55,8527.0,645.0,Super Built up area 1000(92.9 sq.m.)Carpet area: 645 sq.ft. (59.92 sq.m.),3.0,2.0,2,14.0,East,New Property,1000.0,,645.0,1.0,0.0,0.0,0.0,0.0,1.0,81.0
2353,flat,signature global solera,sector 107,0.28,5622.0,498.0,Carpet area: 489 (45.43 sq.m.),2.0,2.0,2,14.0,North-West,Relatively New,,,489.0,0.0,0.0,0.0,0.0,0.0,0.0,38.0
2360,house,independent,sector 105,0.6,11111.0,540.0,Plot area 60(50.17 sq.m.),8.0,4.0,3,3.0,West,New Property,,540.0,,0.0,0.0,0.0,0.0,0.0,0.0,17.0
2380,flat,zara aavaas,sector 104,0.49,6577.0,745.0,Super Built up area 745(69.21 sq.m.)Carpet area: 645 sq.ft. (59.92 sq.m.),3.0,2.0,2,7.0,,Under Construction,745.0,,645.0,0.0,0.0,0.0,0.0,0.0,0.0,74.0
2381,flat,mvn athens,sohna road,0.26,5394.0,482.0,Carpet area: 481.73 (44.75 sq.m.),2.0,2.0,1,5.0,,Relatively New,,,481.684525,0.0,0.0,0.0,0.0,0.0,0.0,95.0
2386,house,independent,sector 47,4.6,26620.0,1728.0,Plot area 192(160.54 sq.m.),7.0,6.0,3+,4.0,,Moderately Old,,1728.0,,0.0,0.0,0.0,0.0,0.0,2.0,51.0
2461,house,independent,sector 12,6.0,35088.0,1710.0,Plot area 190(17.65 sq.m.)Carpet area: 1600 sq.ft. (148.64 sq.m.),9.0,6.0,2,2.0,North-East,Old Property,,,1600.0,0.0,0.0,0.0,0.0,0.0,0.0,0.0
2537,house,independent,sector 105,0.38,8444.0,450.0,Carpet area: 50 (4.65 sq.m.),2.0,2.0,2,1.0,,Undefined,,,50.0,0.0,0.0,0.0,0.0,0.0,0.0,0.0
2538,flat,gls arawali homes,sohna road,0.29,6029.0,481.0,Carpet area: 480.53 (44.64 sq.m.),2.0,2.0,2,9.0,East,Relatively New,,,480.500496,0.0,0.0,0.0,0.0,0.0,0.0,55.0
2541,flat,rof ananda,sector 95,0.38,5901.0,644.0,Carpet area: 644.12 (59.84 sq.m.),3.0,2.0,1,2.0,South-East,Relatively New,,,644.111776,0.0,0.0,0.0,1.0,0.0,1.0,66.0
2559,house,row house,sector 105,0.43,9130.0,471.0,Plot area 52(43.48 sq.m.)Built Up area: 1050 sq.yards (877.93 sq.m.),3.0,3.0,3,2.0,,Relatively New,,1050.0,,0.0,0.0,0.0,0.0,0.0,0.0,0.0
2571,flat,gls avenue 51,sector 92,0.39,6075.0,642.0,Carpet area: 641.74 (59.62 sq.m.),3.0,3.0,3+,6.0,North,Relatively New,,,641.743718,0.0,0.0,0.0,0.0,0.0,0.0,104.0
2592,house,independent,sector 7,0.66,12000.0,550.0,Plot area 550(51.1 sq.m.),3.0,1.0,1,3.0,East,Relatively New,,550.0,,0.0,0.0,0.0,0.0,1.0,0.0,22.0
2594,flat,signature global solera,sector 107,0.28,5833.0,480.0,Carpet area: 489 (45.43 sq.m.),2.0,2.0,2,11.0,South,Relatively New,,,489.0,0.0,0.0,0.0,0.0,0.0,0.0,45.0
2660,house,sai kripa floors 5,sector 11,0.9,11250.0,800.0,Plot area 800(74.32 sq.m.),5.0,5.0,3,3.0,,Relatively New,,800.0,,0.0,0.0,0.0,0.0,0.0,0.0,0.0
2721,house,independent,sector 5,0.5,11111.0,450.0,Plot area 450(41.81 sq.m.),5.0,3.0,3,3.0,,Moderately Old,,450.0,,0.0,0.0,0.0,0.0,0.0,0.0,0.0
2722,house,huda housing board colony,sector 31,4.6,31507.0,1460.0,Plot area 1460(135.64 sq.m.),6.0,4.0,3+,3.0,East,Old Property,,1460.0,,0.0,0.0,0.0,0.0,1.0,0.0,8.0
2784,house,independent,sector 28,0.75,20833.0,360.0,Plot area 40(33.45 sq.m.),7.0,4.0,3+,4.0,,Moderately Old,,360.0,,0.0,0.0,0.0,0.0,0.0,0.0,7.0
2786,flat,mvn athens,sohna road,0.27,5895.0,458.0,Carpet area: 457.52 (42.5 sq.m.),2.0,2.0,1,0.0,,Relatively New,,,457.46575,0.0,0.0,0.0,0.0,0.0,1.0,69.0
2806,house,independent,sector 2,0.98,9074.0,1080.0,Carpet area: 120 (100.34 sq.m.),9.0,4.0,3,1.0,South,Undefined,,,120.0,0.0,0.0,0.0,0.0,0.0,0.0,0.0
2810,flat,mvn athens,sohna road,0.27,5895.0,458.0,Carpet area: 457.81 (42.53 sq.m.),2.0,2.0,1,4.0,South-East,Relatively New,,,457.788667,0.0,0.0,0.0,0.0,1.0,1.0,35.0
2832,house,independent,sector 9,0.6,10753.0,558.0,Plot area 62(51.84 sq.m.),3.0,3.0,1,2.0,,Relatively New,,558.0,,0.0,0.0,0.0,0.0,0.0,0.0,0.0
2889,house,madan puri,sector 7,0.75,12500.0,600.0,Plot area 600(55.74 sq.m.),3.0,5.0,3,3.0,South-East,Moderately Old,,600.0,,0.0,0.0,0.0,0.0,0.0,0.0,0.0
2914,flat,pivotal devaan,sector 84,0.35,7246.0,483.0,Carpet area: 483 (44.87 sq.m.),2.0,2.0,2,4.0,East,Relatively New,,,483.0,0.0,0.0,0.0,0.0,0.0,0.0,37.0
2948,house,independent,sector 8,0.32,7111.0,450.0,Built Up area: 450 (41.81 sq.m.)Carpet area: 300 sq.ft. (27.87 sq.m.),2.0,3.0,1,1.0,North-East,Relatively New,,450.0,300.0,0.0,0.0,0.0,0.0,0.0,0.0,0.0
2980,flat,mvn athens,sohna road,0.25,5187.0,482.0,Carpet area: 481.73 (44.75 sq.m.),2.0,2.0,1,0.0,North,Relatively New,,,481.684525,0.0,0.0,0.0,1.0,0.0,0.0,90.0
2984,house,independent,sector 11,0.9,10000.0,900.0,Plot area 900(83.61 sq.m.),7.0,4.0,3+,4.0,,Moderately Old,,900.0,,0.0,0.0,0.0,0.0,0.0,0.0,7.0
2988,flat,signature global solera,sector 107,0.28,5726.0,489.0,Carpet area: 489 (45.43 sq.m.),2.0,2.0,2,6.0,West,Relatively New,,,489.0,0.0,0.0,0.0,0.0,0.0,0.0,45.0
3045,house,dlf city plots phase 2,sector 25,6.5,33592.0,1935.0,Plot area 215(179.77 sq.m.),9.0,9.0,3+,3.0,West,Old Property,,1935.0,,1.0,1.0,1.0,1.0,0.0,1.0,142.0
3069,house,independent,sector 7,0.27,12000.0,225.0,Plot area 225(20.9 sq.m.),2.0,2.0,1,2.0,North-East,Moderately Old,,225.0,,0.0,0.0,0.0,0.0,0.0,0.0,12.0
3070,flat,pyramid urban homes 2,sector 86,0.41,8283.0,495.0,Carpet area: 501 (46.54 sq.m.),2.0,2.0,1,7.0,West,New Property,,,501.0,1.0,1.0,0.0,1.0,1.0,0.0,49.0
3101,house,independent,sector 9,1.25,8735.0,1431.0,Plot area 159(132.94 sq.m.),10.0,6.0,3+,3.0,,Old Property,,1431.0,,0.0,0.0,0.0,0.0,0.0,0.0,0.0
3119,flat,signature global solera,sector 107,0.28,5680.0,493.0,Carpet area: 489 (45.43 sq.m.),2.0,2.0,2,11.0,North,Relatively New,,,489.0,0.0,0.0,0.0,0.0,0.0,0.0,29.0
3148,house,"bhim nagar, sector 6",sector 6,0.85,14096.0,603.0,Plot area 67(6.22 sq.m.),5.0,2.0,2,1.0,,Old Property,,67.0,,0.0,0.0,0.0,1.0,0.0,0.0,29.0
3198,house,uppal southend,sector 49,3.75,25562.0,1467.0,Built Up area: 163 (136.29 sq.m.),6.0,6.0,3+,3.0,East,Moderately Old,,163.0,,1.0,0.0,0.0,0.0,0.0,1.0,26.0
3200,flat,signature global solera,sector 107,0.28,5726.0,489.0,Carpet area: 489 (45.43 sq.m.),2.0,2.0,2,10.0,South,Relatively New,,,489.0,0.0,0.0,0.0,0.0,0.0,0.0,38.0
3246,house,independent,manesar,0.8,6667.0,1200.0,Plot area 1200(111.48 sq.m.),8.0,8.0,2,1.0,,Relatively New,,1200.0,,0.0,0.0,0.0,0.0,0.0,0.0,0.0
3252,house,independent,sector 43,5.3,27390.0,1935.0,Plot area 215(179.77 sq.m.),9.0,9.0,3+,3.0,East,Moderately Old,,1935.0,,0.0,1.0,0.0,0.0,0.0,1.0,71.0
3254,house,independent,sector 7,1.2,11194.0,1072.0,Built Up area: 1072 (99.59 sq.m.),5.0,4.0,2,3.0,,Undefined,,1072.0,,0.0,0.0,0.0,0.0,0.0,0.0,0.0
3268,house,independent,sector 9,0.42,9333.0,450.0,Built Up area: 450 (41.81 sq.m.),5.0,3.0,2,2.0,,Undefined,,450.0,,0.0,0.0,0.0,0.0,0.0,0.0,0.0
3282,house,iffco nagar and 17b rwa,sector 17,2.98,20566.0,1449.0,Plot area 161(134.62 sq.m.),6.0,6.0,3+,3.0,East,Relatively New,,1449.0,,1.0,0.0,0.0,1.0,0.0,0.0,78.0
3300,house,independent,sector 7,0.95,21111.0,450.0,Plot area 450(41.81 sq.m.),2.0,1.0,1,3.0,,New Property,,450.0,,0.0,0.0,0.0,0.0,0.0,0.0,15.0
3306,house,independent,sector 4,0.5,10482.0,477.0,Built Up area: 53 (44.31 sq.m.),5.0,3.0,0,1.0,,Undefined,,53.0,,0.0,0.0,0.0,0.0,0.0,0.0,0.0
3309,house,independent,sector 4,0.5,9259.0,540.0,Plot area 540(50.17 sq.m.),5.0,3.0,2,3.0,West,Old Property,,540.0,,0.0,0.0,0.0,0.0,0.0,0.0,0.0
3313,house,independent,sector 105,0.35,7778.0,450.0,Carpet area: 500 (46.45 sq.m.),2.0,2.0,1,2.0,East,Undefined,,,500.0,0.0,0.0,0.0,0.0,0.0,0.0,0.0
3328,house,independent,sector 24,4.5,33333.0,1350.0,Plot area 163(136.29 sq.m.)Built Up area: 160 sq.yards (133.78 sq.m.)Carpet area: 150 sq.yards (125.42 sq.m.),10.0,8.0,3+,4.0,East,Relatively New,,160.0,150.0,0.0,1.0,1.0,0.0,0.0,1.0,56.0
3329,house,independent,sector 5,1.1,10000.0,1100.0,Built Up area: 1100 (102.19 sq.m.)Carpet area: 900 sq.ft. (83.61 sq.m.),5.0,4.0,2,1.0,East,Undefined,,1100.0,900.0,0.0,0.0,0.0,0.0,0.0,0.0,0.0
3347,house,not applicable,sector 4,0.75,11719.0,640.0,Plot area 640(59.46 sq.m.),5.0,4.0,3,2.0,,Moderately Old,,640.0,,0.0,0.0,0.0,0.0,0.0,0.0,0.0
3364,house,rattan vihar rajendra park,dwarka expressway,0.85,14167.0,600.0,Plot area 600(55.74 sq.m.),5.0,5.0,3+,4.0,,New Property,,600.0,,0.0,0.0,0.0,0.0,0.0,0.0,0.0
3442,house,independent,sector 6,0.5,8333.0,600.0,Plot area 600(55.74 sq.m.),3.0,3.0,2,2.0,East,Moderately Old,,600.0,,0.0,0.0,0.0,1.0,0.0,0.0,0.0
3446,house,independent,sector 9,0.35,9722.0,360.0,Plot area 40(33.45 sq.m.),2.0,2.0,1,2.0,South-East,Old Property,,360.0,,0.0,0.0,0.0,0.0,0.0,0.0,0.0
3447,flat,pivotal devaan,sector 84,0.36,7595.0,474.0,Super Built up area 583(54.16 sq.m.)Carpet area: 481 sq.ft. (44.69 sq.m.),2.0,2.0,1,9.0,West,Relatively New,583.0,,481.0,0.0,0.0,1.0,0.0,0.0,2.0,80.0
3455,flat,rof ananda,sector 95,0.37,5745.0,644.0,Carpet area: 644.12 (59.84 sq.m.),3.0,2.0,1,6.0,South-East,Relatively New,,,644.111776,0.0,0.0,0.0,1.0,0.0,1.0,72.0
3546,house,independent,sector 38,2.1,23333.0,900.0,Plot area 100(83.61 sq.m.),7.0,7.0,3+,3.0,North-East,Relatively New,,900.0,,1.0,0.0,1.0,1.0,0.0,0.0,27.0
3558,flat,signature global solera,sector 107,0.51,7907.0,645.0,Carpet area: 645 (59.92 sq.m.),3.0,2.0,2,9.0,South,Relatively New,,,645.0,0.0,0.0,0.0,0.0,1.0,0.0,15.0
3579,house,shri shyam residency,sector 104,0.62,12400.0,500.0,Plot area 500(46.45 sq.m.)Built Up area: 900 sq.ft. (83.61 sq.m.)Carpet area: 480 sq.ft. (44.59 sq.m.),3.0,3.0,1,2.0,,Moderately Old,,900.0,480.0,0.0,0.0,0.0,0.0,1.0,2.0,8.0
3590,flat,signature global solera,sector 107,0.3,6135.0,489.0,Super Built up area 602(55.93 sq.m.)Carpet area: 489 sq.ft. (45.43 sq.m.),2.0,2.0,1,5.0,East,Relatively New,602.0,,489.0,0.0,0.0,0.0,0.0,0.0,0.0,57.0
3624,house,independent,sector 4,0.67,9795.0,684.0,Plot area 76(7.06 sq.m.),3.0,3.0,2,2.0,South,Relatively New,,76.0,,0.0,0.0,0.0,0.0,1.0,0.0,7.0
3633,house,independent,sector 17,0.32,5664.0,565.0,Built Up area: 565 (52.49 sq.m.),5.0,1.0,0,1.0,,Undefined,,565.0,,0.0,0.0,0.0,0.0,0.0,0.0,0.0
3686,house,independent,sector 12,0.9,13333.0,675.0,Built Up area: 675 (62.71 sq.m.),4.0,4.0,0,2.0,,Undefined,,675.0,,0.0,0.0,0.0,0.0,0.0,0.0,0.0
3713,house,independent,sector 41,4.25,26235.0,1620.0,Plot area 180(150.5 sq.m.),10.0,9.0,3+,4.0,North,Moderately Old,,1620.0,,1.0,1.0,0.0,0.0,0.0,1.0,36.0
3738,house,independent,sector 7,1.16,11694.0,992.0,Plot area 992(92.16 sq.m.)Carpet area: 992 sq.ft. (92.16 sq.m.),5.0,4.0,2,3.0,North-East,Moderately Old,,,992.0,0.0,0.0,0.0,0.0,1.0,0.0,39.0
3751,house,independent,sector 21,0.45,8411.0,535.0,Carpet area: 535 (49.7 sq.m.),3.0,2.0,1,1.0,,Undefined,,,535.0,0.0,0.0,0.0,0.0,0.0,0.0,0.0
3774,house,independent,sector 28,0.45,10000.0,450.0,Built Up area: 50 (4.65 sq.m.),5.0,3.0,0,1.0,,Undefined,,50.0,,0.0,0.0,0.0,0.0,0.0,0.0,0.0
3797,house,surendra homes dayaindependentd colony,sector 6,0.75,15625.0,480.0,Built Up area: 480 (44.59 sq.m.),4.0,4.0,2,1.0,,Undefined,,480.0,,0.0,0.0,0.0,0.0,0.0,0.0,0.0
